[
  {
    "name": "Dr. João Carlos Mendes",
    "birthday": "1978-04-12",
    "cpf": "529.982.247-25",
    "phone": "(11) 98765-1111",
    "email": "joao.mendes@clinic.com"
  },
  {
    "name": "Dra. Mariana Lopes",
    "birthday": "1985-07-25",
    "cpf": "168.995.350-09",
    "phone": "(11) 98888-2222",
    "email": "mariana.lopes@clinic.com"
  },
  {
    "name": "Dr. Ricardo Nunes",
    "birthday": "1979-11-02",
    "cpf": "111.444.777-35",
    "phone": "(21) 97777-3333",
    "email": "ricardo.nunes@clinic.com"
  },
  {
    "name": "Dra. Patricia Azevedo",
    "birthday": "1983-09-09",
    "cpf": "935.411.347-80",
    "phone": "(31) 98876-4444",
    "email": "patricia.azevedo@clinic.com"
  },
  {
    "name": "Dr. Marcos Vinicius Rocha",
    "birthday": "1990-01-14",
    "cpf": "286.255.878-87",
    "phone": "(41) 98712-5555",
    "email": "marcos.rocha@clinic.com"
  },
  {
    "name": "Dra. Juliana Pires",
    "birthday": "1988-04-21",
    "cpf": "746.971.314-01",
    "phone": "(19) 97654-6666",
    "email": "juliana.pires@clinic.com"
  },
  {
    "name": "Dr. Eduardo Farias",
    "birthday": "1975-12-30",
    "cpf": "357.192.310-08",
    "phone": "(51) 98444-7777",
    "email": "eduardo.farias@clinic.com"
  },
  {
    "name": "Dra. Vanessa Guimarães",
    "birthday": "1992-08-05",
    "cpf": "502.998.010-40",
    "phone": "(11) 95555-8888",
    "email": "vanessa.guimaraes@clinic.com"
  },
  {
    "name": "Dr. Rafael Cardoso",
    "birthday": "1987-10-11",
    "cpf": "398.742.640-30",
    "phone": "(62) 98777-9999",
    "email": "rafael.cardoso@clinic.com"
  },
  {
    "name": "Dra. Aline Batista",
    "birthday": "1991-02-17",
    "cpf": "390.533.447-05",
    "phone": "(13) 98812-1010",
    "email": "aline.batista@clinic.com"
  },

  {
    "name": "Dr. Rodrigo Moreira",
    "birthday": "1986-05-09",
    "cpf": "153.509.460-56",
    "phone": "(11) 99123-2020",
    "email": "rodrigo.moreira@clinic.com"
  },
  {
    "name": "Dra. Simone Freitas",
    "birthday": "1982-09-27",
    "cpf": "073.125.980-39",
    "phone": "(27) 98877-3030",
    "email": "simone.freitas@clinic.com"
  },
  {
    "name": "Dr. Bruno Teixeira",
    "birthday": "1978-12-03",
    "cpf": "846.971.520-04",
    "phone": "(85) 98765-4040",
    "email": "bruno.teixeira@clinic.com"
  },
  {
    "name": "Dra. Renata Costa",
    "birthday": "1994-11-20",
    "cpf": "070.680.840-02",
    "phone": "(48) 99654-5050",
    "email": "renata.costa@clinic.com"
  },
  {
    "name": "Dr. Anderson Ribeiro",
    "birthday": "1984-06-01",
    "cpf": "391.202.260-09",
    "phone": "(92) 98712-6060",
    "email": "anderson.ribeiro@clinic.com"
  },
  {
    "name": "Dra. Luciana Martins",
    "birthday": "1996-02-08",
    "cpf": "058.991.350-07",
    "phone": "(11) 99333-7070",
    "email": "luciana.martins@clinic.com"
  },
  {
    "name": "Dr. Marcelo Guedes",
    "birthday": "1972-10-29",
    "cpf": "604.694.230-75",
    "phone": "(34) 98845-8080",
    "email": "marcelo.guedes@clinic.com"
  },
  {
    "name": "Dra. Camila Torres",
    "birthday": "1993-07-13",
    "cpf": "294.379.480-06",
    "phone": "(21) 98744-9090",
    "email": "camila.torres@clinic.com"
  },
  {
    "name": "Dr. Leandro Falcão",
    "birthday": "1981-01-05",
    "cpf": "824.915.870-70",
    "phone": "(65) 98811-1112",
    "email": "leandro.falcao@clinic.com"
  },
  {
    "name": "Dra. Aline Prado",
    "birthday": "1999-03-18",
    "cpf": "483.698.650-07",
    "phone": "(71) 98765-1313",
    "email": "aline.prado@clinic.com"
  },

  {
    "name": "Dr. Fábio Cunha",
    "birthday": "1976-08-26",
    "cpf": "139.489.360-92",
    "phone": "(12) 98890-1414",
    "email": "fabio.cunha@clinic.com"
  },
  {
    "name": "Dra. Natalia Rangel",
    "birthday": "1989-12-11",
    "cpf": "850.960.540-05",
    "phone": "(98) 98777-1515",
    "email": "natalia.rangel@clinic.com"
  },
  {
    "name": "Dr. Gustavo Pimentel",
    "birthday": "1983-04-07",
    "cpf": "011.781.250-96",
    "phone": "(44) 98866-1616",
    "email": "gustavo.pimentel@clinic.com"
  },
  {
    "name": "Dra. Daniela Furtado",
    "birthday": "1997-06-30",
    "cpf": "279.924.630-60",
    "phone": "(11) 99900-1717",
    "email": "daniela.furtado@clinic.com"
  },
  {
    "name": "Dr. Paulo Roberto Cunha",
    "birthday": "1970-02-19",
    "cpf": "295.504.190-05",
    "phone": "(83) 98855-1818",
    "email": "paulo.cunha@clinic.com"
  },
  {
    "name": "Dra. Natalia Brandão",
    "birthday": "1992-09-08",
    "cpf": "720.314.890-30",
    "phone": "(61) 98712-1919",
    "email": "natalia.brandao@clinic.com"
  },
  {
    "name": "Dr. Thiago Mendonça",
    "birthday": "1988-01-16",
    "cpf": "604.948.230-03",
    "phone": "(11) 98888-2021",
    "email": "thiago.mendonca@clinic.com"
  },
  {
    "name": "Dr. Renato Peixoto",
    "birthday": "1977-05-24",
    "cpf": "390.438.840-08",
    "phone": "(63) 98765-2122",
    "email": "renato.peixoto@clinic.com"
  },
  {
    "name": "Dra. Carolina Meireles",
    "birthday": "1991-10-02",
    "cpf": "460.278.930-40",
    "phone": "(84) 98877-2323",
    "email": "carolina.meireles@clinic.com"
  }
]
